a7,mxPH,mnO2,Cl,NO3,NH4,oPO4,PO4,Chla,season_autumn,season_spring,season_summer,season_winter,size_large,size_medium,size_small,speed_high,speed_low,speed_medium
0.0,9.7,10.8,0.222,0.406,10.0,22.444000000000003,10.111,3.2780684372101803,0,0,0,1,0,1,0,1,0,0
0.0,7.3,11.8,44.205,45.65,24064.0,44.0,34.0,53.1,1,0,0,0,0,1,0,1,0,0
2.9,8.1,10.3,26.0,3.78,60.0,246.0,304.0,2.8,0,0,0,1,0,0,1,1,0,0
5.2,7.4,10.68,22.35,5.414,244.60001,66.4,171.27200000000002,3.8,1,0,0,0,1,0,0,1,0,0
2.4,8.3,10.0,30.125,3.7260000000000004,102.5,75.875,177.625,50.225,0,0,1,0,0,1,0,0,0,1
0.0,8.3,10.0,3.86,0.866,32.0,6.0,16.0,2.86,0,0,1,0,1,0,0,0,0,1
1.2,7.8,11.3,20.083,3.02,49.5,53.0,130.75,5.8,0,0,1,0,0,0,1,1,0,0
3.9,8.0,4.5,79.077,8.984,920.0,70.0,200.231,19.4,0,0,0,1,0,1,0,0,1,0
1.7,8.56,8.7,43.97,4.053,643.0,221.89999,246.66701,14.7,0,0,0,1,1,0,0,0,1,0
0.0,8.47,9.0,46.167,2.102,84.667,48.0,116.2,7.3,0,0,0,1,0,1,0,1,0,0
0.0,7.2,11.3,9.0,0.23,120.0,12.0,19.0,0.5,0,1,0,0,0,0,1,1,0,0
3.2,7.7,7.1,63.625,3.14,122.5,28.625,186.5,30.0,0,0,0,1,0,1,0,0,0,1
31.2,7.4,11.17,12.145999999999999,6.188,89.6,32.0,69.93,3.1,0,0,1,0,0,1,0,1,0,0
1.4,7.4,9.8,11.0,3.235,255.0,38.75,56.667,2.0,0,1,0,0,0,1,0,1,0,0
0.0,8.6,11.62,1.5490000000000002,0.445,25.833000000000002,16.833,18.293,1.4,0,0,1,0,0,1,0,1,0,0
0.0,8.4,4.9,47.0,0.536,91.833,109.0,188.66701,32.0,0,1,0,0,0,1,0,1,0,0
1.2,8.2,8.2,7.332999999999999,1.003,37.778,19.111,120.889,5.111000000000001,0,1,0,0,1,0,0,0,0,1
1.2,8.1,8.1,136.0,3.773,245.0,136.75,249.25,20.87,0,0,0,1,0,1,0,0,0,1
0.0,8.0,3.3,26.76,0.6579999999999999,165.0,37.375,111.375,3.0,0,1,0,0,0,1,0,0,0,1
0.0,7.77,10.7,12.536,3.9760000000000004,58.5,9.0,44.136,3.0,0,0,1,0,0,0,1,1,0,0
2.9,9.1,4.3,82.85700000000001,0.86,137.27299,102.36399999999999,232.89999,54.367,0,1,0,0,1,0,0,0,1,0
22.1,7.4,8.9,13.5,5.442,123.333,27.666999999999998,104.0,21.0,0,0,0,1,0,1,0,1,0,0
0.0,8.4,8.2,23.25,2.805,43.75,51.125,87.125,14.775,0,0,1,0,1,0,0,0,1,0
1.9,9.06,6.35,187.183,3.3510000000000004,54.778,159.16701,221.278,20.8,0,0,0,1,1,0,0,0,0,1
5.5,8.5,7.6,12.777999999999999,1.8730000000000002,17.778,50.888999999999996,127.0,24.555999999999997,0,1,0,0,1,0,0,0,0,1
0.0,8.1,10.5,22.285999999999998,4.071000000000001,178.57001,182.42,255.28,8.957,0,1,0,0,0,0,1,0,0,1
0.0,6.6,10.8,7.07766148318143,2.64,10.0,2.0,11.0,0.798298822299477,0,0,1,0,0,0,1,1,0,0
0.0,7.8,9.5,8.3,1.67,34.0,16.8,35.2,1.0,0,1,0,0,0,1,0,1,0,0
2.7,8.5,8.6,125.6,3.778,124.167,197.83299,303.33301,40.0,0,0,0,1,0,1,0,0,0,1
0.0,8.5,8.1,38.125,3.85,225.0,45.0,152.33299,5.2,1,0,0,0,0,1,0,0,0,1
0.0,7.6,9.7,53.102,7.16,4073.3300799999997,282.16699,624.73297,6.8,0,0,1,0,0,1,0,0,0,1
0.0,8.3,10.9,1.17,0.735,13.5,1.625,3.0,0.2,0,0,0,1,0,0,1,1,0,0
0.0,7.2,9.2,0.8,0.642,81.0,15.6,18.0,0.5,0,1,0,0,0,0,1,1,0,0
1.7,7.93,9.9,8.0,1.39,5.8,27.25,46.6,0.8,0,0,0,1,0,0,1,1,0,0
1.1,7.6,10.0,49.625,5.456,308.75,38.625,285.71398999999997,75.0,1,0,0,0,0,1,0,0,1,0
6.1,7.5,1.5,32.4,0.9209999999999999,1386.25,220.75,351.60001,10.0,0,0,0,1,0,0,1,0,0,1
0.0,8.58,11.1,23.825,3.617,72.6,51.111000000000004,91.111,22.9,1,0,0,0,1,0,0,0,0,1
6.8,8.4,5.3,74.667,3.9,131.66701,261.60001,432.909,24.916999999999998,0,1,0,0,0,1,0,0,1,0
0.0,7.792468286019,12.6,9.0,0.23,10.0,5.0,6.0,1.1,0,0,0,1,0,0,1,0,1,0
3.3,8.5,7.3,71.444,2.512,66.667,64.389,137.778,9.384,0,1,0,0,1,0,0,0,0,1
